tabla,columna,faltantes,pct
arrestos,arrest_key,0,0.0
arrestos,arrest_date,0,0.0
arrestos,pd_cd,669,0.04
arrestos,pd_desc,965,0.06
arrestos,ky_cd,965,0.06
arrestos,ofns_desc,965,0.06
arrestos,law_code,15,0.0
arrestos,law_cat_cd,11240,0.7
arrestos,arrest_boro,0,0.0
arrestos,arrest_precinct,0,0.0
arrestos,jurisdiction_code,0,0.0
arrestos,age_group,147237,9.15
arrestos,perp_sex,147237,9.15
arrestos,perp_race,0,0.0
arrestos,x_coord_cd,0,0.0
arrestos,y_coord_cd,0,0.0
arrestos,latitude,4,0.0
arrestos,longitude,4,0.0
choques,crash_date,0,0.0
choques,crash_time,0,0.0
choques,borough,269811,31.79
choques,zip_code,269939,31.8
choques,latitude,59655,7.03
choques,longitude,59655,7.03
choques,location,59655,7.03
choques,on_street_name,229293,27.02
choques,cross_street_name,426953,50.3
choques,off_street_name,619482,72.99
choques,number_of_persons_injured,1,0.0
choques,number_of_persons_killed,8881,1.05
choques,number_of_pedestrians_injured,0,0.0
choques,number_of_pedestrians_killed,0,0.0
choques,number_of_cyclist_injured,0,0.0
choques,number_of_cyclist_killed,0,0.0
choques,number_of_motorist_injured,0,0.0
choques,number_of_motorist_killed,0,0.0
choques,contributing_factor_vehicle_1,4576,0.54
choques,contributing_factor_vehicle_2,181325,21.36
choques,contributing_factor_vehicle_3,775804,91.41
choques,contributing_factor_vehicle_4,830088,97.8
choques,contributing_factor_vehicle_5,843259,99.35
choques,collision_id,0,0.0
choques,vehicle_type_code_1,10487,1.24
choques,vehicle_type_code_2,256434,30.21
choques,vehicle_type_code_3,780489,91.96
choques,vehicle_type_code_4,831008,97.91
choques,vehicle_type_code_5,843462,99.38
vehiculos,unique_id,0,0.0
vehiculos,collision_id,0,0.0
vehiculos,crash_date,0,0.0
vehiculos,crash_time,0,0.0
vehiculos,vehicle_id,0,0.0
vehiculos,state_registration,266075,15.51
vehiculos,vehicle_type,188387,10.98
vehiculos,vehicle_make,296620,17.29
vehiculos,vehicle_model,1705829,99.45
vehiculos,vehicle_year,318506,18.57
vehiculos,travel_direction,109609,6.39
vehiculos,vehicle_occupants,205232,11.96
vehiculos,driver_sex,546492,31.86
vehiculos,driver_license_status,610918,35.62
vehiculos,driver_license_jurisdiction,616775,35.96
vehiculos,pre_crash,130808,7.63
vehiculos,point_of_impact,130415,7.6
vehiculos,vehicle_damage,151513,8.83
vehiculos,vehicle_damage_1,658485,38.39
vehiculos,vehicle_damage_2,883344,51.5
vehiculos,vehicle_damage_3,1055636,61.54
vehiculos,public_property_damage,0,0.0
vehiculos,public_property_damage_type,1694162,98.77
vehiculos,contributing_factor_1,101456,5.91
vehiculos,contributing_factor_2,121594,7.09
pobreza,serialno,0,0.0
pobreza,sporder,0,0.0
pobreza,pwgtp,0,0.0
pobreza,wgtp,0,0.0
pobreza,agep,0,0.0
pobreza,cit,0,0.0
pobreza,rel,0,0.0
pobreza,sch,0,0.0
pobreza,schg,0,0.0
pobreza,schl,2107,3.09
pobreza,sex,0,0.0
pobreza,esr,11798,17.28
pobreza,lanx,3533,5.17
pobreza,eng,37557,55.01
pobreza,msp,11021,16.14
pobreza,mar,0,0.0
pobreza,wkw,31394,45.98
pobreza,wkhp,0,0.0
pobreza,dis,0,0.0
pobreza,jwtr,34956,51.2
pobreza,np,0,0.0
pobreza,ten,0,0.0
pobreza,hht,0,0.0
pobreza,agecateg,0,0.0
pobreza,boro,0,0.0
pobreza,citizenstatus,0,0.0
pobreza,educattain,2107,3.09
pobreza,est_childcare,0,0.0
pobreza,est_commuting,0,0.0
pobreza,est_eitc,0,0.0
pobreza,est_ficatax,0,0.0
pobreza,est_heap,0,0.0
pobreza,est_housing,0,0.0
pobreza,est_incometax,0,0.0
pobreza,est_moop,0,0.0
pobreza,est_nutrition,0,0.0
pobreza,est_povgap,0,0.0
pobreza,est_povgapindex,0,0.0
pobreza,ethnicity,0,0.0
pobreza,famtype_pu,0,0.0
pobreza,ftptwork,0,0.0
pobreza,intp_adj,0,0.0
pobreza,mrgp_adj,0,0.0
pobreza,nycgov_income,0,0.0
pobreza,nycgov_pov_stat,0,0.0
pobreza,nycgov_rel,0,0.0
pobreza,nycgov_threshold,0,0.0
pobreza,off_pov_stat,0,0.0
pobreza,off_threshold,0,0.0
pobreza,oi_adj,0,0.0
pobreza,pa_adj,0,0.0
pobreza,povunit_id,0,0.0
pobreza,povunit_rel,0,0.0
pobreza,pretaxincome_pu,0,0.0
pobreza,retp_adj,0,0.0
pobreza,rntp_adj,0,0.0
pobreza,semp_adj,0,0.0
pobreza,ssip_adj,0,0.0
pobreza,ssp_adj,0,0.0
pobreza,totalworkhrs_pu,0,0.0
pobreza,wagp_adj,0,0.0
sat_2012,dbn,0,0.0
sat_2012,school_name,0,0.0
sat_2012,num_of_sat_test_takers,0,0.0
sat_2012,sat_critical_reading_avg_score,0,0.0
sat_2012,sat_math_avg_score,0,0.0
sat_2012,sat_writing_avg_score,0,0.0
