columna,tipo en la fuente,descripción oficial,% presentes,valores distintos (aprox.),ejemplo,tabla
arrest_key,text,Randomly generated persistent ID for each arrest,100.0,6080957,147056919,arrestos
arrest_date,calendar_date,Exact date of arrest for the reported event,100.0,7478,10/19/2015,arrestos
pd_cd,number,Three digit internal classification code (more granular than Key Code),100.0,359,792,arrestos
pd_desc,text,Description of internal classification corresponding with PD code (more granular than Offense Description),99.9,444,WEAPONS POSSESSION 1 & 2,arrestos
ky_cd,number,Three digit internal classification code (more general category than PD code),99.8,78,118,arrestos
ofns_desc,text,Description of internal classification corresponding with KY code (more general category than PD description),99.9,89,DANGEROUS WEAPONS,arrestos
law_code,text,"Law code charges corresponding to the NYS Penal Law, VTL and other various local laws",100.0,2934,PL 265031B,arrestos
law_cat_cd,text,"Level of offense: felony, misdemeanor, violation",99.6,6,F,arrestos
arrest_boro,text,"Borough of arrest. B(Bronx), S(Staten Island), K(Brooklyn), M(Manhattan), Q(Queens)",100.0,5,Q,arrestos
arrest_precinct,number,Precinct where the arrest occurred,100.0,80,102,arrestos
jurisdiction_code,number,"Jurisdiction responsible for arrest. Jurisdiction codes 0(Patrol), 1(Transit) and 2(Housing) represent NYPD whilst codes 3 and more represent non NYPD jurisdictions",100.0,31,0,arrestos
age_group,text,Perpetrator’s age within a category,100.0,94,18-24,arrestos
perp_sex,text,Perpetrator’s sex description,100.0,4,M,arrestos
perp_race,text,Perpetrator’s race description,100.0,8,BLACK,arrestos
x_coord_cd,text,"Midblock X-coordinate for New York State Plane Coordinate System, Long Island Zone, NAD 83, units feet (FIPS 3104)",100.0,136564,1030920.0,arrestos
y_coord_cd,text,"Midblock Y-coordinate for New York State Plane Coordinate System, Long Island Zone, NAD 83, units feet (FIPS 3104)",100.0,132009,189268.0,arrestos
latitude,number,"Latitude coordinate for Global Coordinate System, WGS 1984, decimal degrees (EPSG 4326)",100.0,239924,40.68605888600007,arrestos
longitude,number,"Longitude coordinate for Global Coordinate System, WGS 1984, decimal degrees (EPSG 4326)",100.0,233057,-73.83172338199995,arrestos
lon_lat,point,Georeferenced Point Column based on Longitude and Latitude fields,100.0,221460,POINT (-73.83172338199995 40.68605888600,arrestos
crash_date,calendar_date,Occurrence date of collision,100.0,5295,06/14/2013,choques
crash_time,text,Occurrence time of collision,100.0,1357,17:40,choques
borough,text,Borough where collision occurred,69.5,5,MANHATTAN,choques
zip_code,text,Postal code of incident occurrence,69.5,242,10036,choques
latitude,number,"Latitude coordinate for Global Coordinate System, WGS 1984, decimal degrees (EPSG 4326)",89.4,133756,40.7642812,choques
longitude,number,"Longitude coordinate for Global Coordinate System, WGS 1984, decimal degrees (EPSG 4326)",89.4,112445,-73.9985813,choques
location,location,"Latitude , Longitude pair",89.4,357837,"(40.7642812, -73.9985813)",choques
on_street_name,text,Street on which the collision occurred,78.0,23328,WEST SIDE HIGHWAY               ,choques
cross_street_name,text,Nearest cross street to the collision,61.7,26324,WEST 46 STREET                  ,choques
off_street_name,text,Street address if known,17.9,286382,,choques
number_of_persons_injured,number,Number of persons injured,100.0,33,0,choques
number_of_persons_killed,number,Number of persons killed,99.6,7,0,choques
number_of_pedestrians_injured,number,Number of pedestrians injured,100.0,14,0,choques
number_of_pedestrians_killed,number,Number of pedestrians killed,100.0,6,0,choques
number_of_cyclist_injured,number,Number of cyclists injured,100.0,5,0,choques
number_of_cyclist_killed,number,Number of cyclists killed,100.0,3,0,choques
number_of_motorist_injured,number,Number of vehicle occupants injured,100.0,32,0,choques
number_of_motorist_killed,number,Number of vehicle occupants killed,100.0,6,0,choques
contributing_factor_vehicle_1,text,Factors contributing to the collision for designated vehicle,99.6,66,Unspecified,choques
contributing_factor_vehicle_2,text,Factors contributing to the collision for designated vehicle,83.8,65,Unspecified,choques
contributing_factor_vehicle_3,text,Factors contributing to the collision for designated vehicle,7.2,56,,choques
contributing_factor_vehicle_4,text,Factors contributing to the collision for designated vehicle,1.7,44,,choques
contributing_factor_vehicle_5,text,Factors contributing to the collision for designated vehicle,0.5,35,,choques
collision_id,number,Unique record code generated by system. Primary Key for Crash table.,100.0,2554237,41673,choques
vehicle_type_code_1,text,"Type of vehicle based on the selected vehicle category (ATV, bicycle, car/suv, ebike, escooter, truck/bus, motorcycle, other)",99.2,1878,PASSENGER VEHICLE,choques
vehicle_type_code_2,text,"Type of vehicle based on the selected vehicle category (ATV, bicycle, car/suv, ebike, escooter, truck/bus, motorcycle, other)",79.6,2084,PICK-UP TRUCK,choques
vehicle_type_code_3,text,"Type of vehicle based on the selected vehicle category (ATV, bicycle, car/suv, ebike, escooter, truck/bus, motorcycle, other)",7.0,341,,choques
vehicle_type_code_4,text,"Type of vehicle based on the selected vehicle category (ATV, bicycle, car/suv, ebike, escooter, truck/bus, motorcycle, other)",1.6,123,,choques
vehicle_type_code_5,text,"Type of vehicle based on the selected vehicle category (ATV, bicycle, car/suv, ebike, escooter, truck/bus, motorcycle, other)",0.4,82,,choques
unique_id,number,Unique record code generated by system. Primary Key.,100.0,4804883,20051142,vehiculos
collision_id,number,"Crash identification code. Foreign Key, matches unique_id from the Crash table.",100.0,2554237,4452640,vehiculos
crash_date,calendar_date,Occurrence date of collision,100.0,5295,08/29/2021,vehiculos
crash_time,text,Occurrence time of collision,100.0,1357,10:12,vehiculos
vehicle_id,text,Vehicle identification code assigned by system,100.0,3160097,faf13e39-1bdb-4533-aa8d-2d779f2c449e,vehiculos
state_registration,text,State where vehicle is registered.,91.9,86,NJ,vehiculos
vehicle_type,text,"Type of vehicle based on the selected vehicle category (ATV, bicycle, car/suv, ebike, escooter, truck/bus, motorcycle, other)",93.8,3136,,vehiculos
vehicle_make,text,Vehicle make,57.0,14514,,vehiculos
vehicle_model,text,Vehicle model,1.3,4245,,vehiculos
vehicle_year,text,Year the vehicle was manufactured,56.5,330,,vehiculos
travel_direction,text,Direction vehicle was traveling,62.8,14,,vehiculos
vehicle_occupants,number,Number of vehicle occupants,59.8,130,,vehiculos
driver_sex,text,Gender of driver,48.4,3,,vehiculos
driver_license_status,text,"License, permit, unlicensed",46.0,15,,vehiculos
driver_license_jurisdiction,text,State where driver license was issued.,46.1,78,,vehiculos
pre_crash,text,"Pre-crash action: Going straight, making right turn, passing, backing, etc.",79.1,19,Going Straight Ahead,vehiculos
point_of_impact,text,"Location on the vehicle of the initial point of impact (i.e. driver side, passenger side rear, etc.)",62.0,19,Other,vehiculos
vehicle_damage,text,Location on the vehicle where most of the damage occurred,61.4,19,Other,vehiculos
vehicle_damage_1,text,Additional damage locations on the vehicle,40.0,19,,vehiculos
vehicle_damage_2,text,Additional damage locations on the vehicle,30.5,19,,vehiculos
vehicle_damage_3,text,Additional damage locations on the vehicle,23.8,19,,vehiculos
public_property_damage,text,Public property damaged (Yes or No),66.4,3,Unspecified,vehiculos
public_property_damage_type,text,"Type of public property damaged (ex. Sign, fence, light post, etc.)",0.7,23275,,vehiculos
contributing_factor_1,text,Factors contributing to the collision for designated vehicle,96.3,66,Following Too Closely,vehiculos
contributing_factor_2,text,Factors contributing to the collision for designated vehicle,62.3,60,Following Too Closely,vehiculos
serialno,number,(sin descripción oficial),100.0,25343,539972,pobreza
sporder,number,(sin descripción oficial),100.0,20,3,pobreza
pwgtp,number,(sin descripción oficial),100.0,722,87,pobreza
wgtp,number,(sin descripción oficial),100.0,561,60,pobreza
agep,number,(sin descripción oficial),100.0,95,27,pobreza
cit,number,(sin descripción oficial),100.0,5,1,pobreza
rel,number,(sin descripción oficial),100.0,16,2,pobreza
sch,number,(sin descripción oficial),100.0,4,1,pobreza
schg,number,(sin descripción oficial),100.0,17,0,pobreza
schl,number,(sin descripción oficial),96.9,25,23,pobreza
sex,number,(sin descripción oficial),100.0,2,2,pobreza
esr,number,(sin descripción oficial),82.7,5,1,pobreza
lanx,number,(sin descripción oficial),94.8,2,1,pobreza
eng,number,(sin descripción oficial),45.0,4,1,pobreza
msp,number,(sin descripción oficial),83.9,6,6,pobreza
mar,number,(sin descripción oficial),100.0,5,5,pobreza
wkw,number,(sin descripción oficial),54.0,6,1,pobreza
wkhp,number,(sin descripción oficial),100.0,97,45,pobreza
dis,number,(sin descripción oficial),100.0,2,2,pobreza
jwtr,number,(sin descripción oficial),48.8,12,1,pobreza
np,number,(sin descripción oficial),100.0,18,5,pobreza
ten,number,(sin descripción oficial),100.0,4,2,pobreza
hht,number,(sin descripción oficial),100.0,7,1,pobreza
agecateg,number,(sin descripción oficial),100.0,3,2,pobreza
boro,number,(sin descripción oficial),100.0,5,4,pobreza
citizenstatus,number,(sin descripción oficial),100.0,3,1,pobreza
educattain,number,(sin descripción oficial),96.9,4,4,pobreza
est_childcare,number,(sin descripción oficial),100.0,351,0,pobreza
est_commuting,number,(sin descripción oficial),100.0,3582,9393.9199,pobreza
est_eitc,number,(sin descripción oficial),100.0,1152,0,pobreza
est_ficatax,number,(sin descripción oficial),100.0,3790,18135.449,pobreza
est_heap,number,(sin descripción oficial),100.0,24,0,pobreza
est_housing,number,(sin descripción oficial),100.0,5234,26738.939,pobreza
est_incometax,number,(sin descripción oficial),100.0,19080,49348.875,pobreza
est_moop,number,(sin descripción oficial),100.0,18354,14955.64,pobreza
est_nutrition,number,(sin descripción oficial),100.0,4114,1944,pobreza
est_povgap,number,(sin descripción oficial),100.0,5499,0,pobreza
est_povgapindex,number,(sin descripción oficial),100.0,5741,0,pobreza
ethnicity,number,(sin descripción oficial),100.0,5,1,pobreza
famtype_pu,number,(sin descripción oficial),100.0,8,2,pobreza
ftptwork,number,(sin descripción oficial),100.0,3,1,pobreza
intp_adj,number,(sin descripción oficial),100.0,449,0,pobreza
mrgp_adj,number,(sin descripción oficial),100.0,141,0,pobreza
nycgov_income,number,(sin descripción oficial),100.0,29271,193770.45,pobreza
nycgov_pov_stat,number,(sin descripción oficial),100.0,2,2,pobreza
nycgov_rel,number,(sin descripción oficial),100.0,13,2,pobreza
nycgov_threshold,number,(sin descripción oficial),100.0,29,50108.082,pobreza
off_pov_stat,number,(sin descripción oficial),100.0,2,2,pobreza
off_threshold,number,(sin descripción oficial),100.0,49,31234,pobreza
oi_adj,number,(sin descripción oficial),100.0,316,0,pobreza
pa_adj,number,(sin descripción oficial),100.0,170,0,pobreza
povunit_id,number,(sin descripción oficial),100.0,15,1,pobreza
povunit_rel,number,(sin descripción oficial),100.0,4,4,pobreza
pretaxincome_pu,number,(sin descripción oficial),100.0,4402,256921.41,pobreza
retp_adj,number,(sin descripción oficial),100.0,476,0,pobreza
rntp_adj,number,(sin descripción oficial),100.0,126,0,pobreza
semp_adj,number,(sin descripción oficial),100.0,375,0,pobreza
ssip_adj,number,(sin descripción oficial),100.0,157,0,pobreza
ssp_adj,number,(sin descripción oficial),100.0,355,0,pobreza
totalworkhrs_pu,number,(sin descripción oficial),100.0,5,1,pobreza
wagp_adj,number,(sin descripción oficial),100.0,797,86113.242,pobreza
dbn,text,(sin descripción oficial),100.0,492,25Q252,sat
school_name,text,(sin descripción oficial),100.0,476,"QUEENS SCHOOL OF INQUIRY, THE",sat
num_of_sat_test_takers,text,(sin descripción oficial),100.0,175,58,sat
sat_critical_reading_avg_score,text,(sin descripción oficial),100.0,158,455,sat
sat_math_avg_score,text,(sin descripción oficial),100.0,169,498,sat
sat_writing_avg_score,text,(sin descripción oficial),100.0,166,443,sat
